{
  "home_mae": 1.108092188835144,
  "away_mae": 0.8980368375778198,
  "home_rmse": 1.4494335909865534,
  "away_rmse": 1.218061203594928
}